,filedir,name,chroma_stft_mean,chroma_stft_var,rms_mean,rms_var,spectral_centroid_mean,spectral_centroid_var,spectral_bandwidth_mean,spectral_bandwidth_var,rolloff_mean,rolloff_var,zero_crossing_rate_mean,zero_crossing_rate_var,harmony_mean,harmony_var,perceptr_mean,perceptr_var,tempo,mfcc1_mean,mfcc1_var,mfcc2_mean,mfcc2_var,mfcc3_mean,mfcc3_var,mfcc4_mean,mfcc4_var,mfcc5_mean,mfcc5_var,mfcc6_mean,mfcc6_var,mfcc7_mean,mfcc7_var,mfcc8_mean,mfcc8_var,mfcc9_mean,mfcc9_var,mfcc10_mean,mfcc10_var,mfcc11_mean,mfcc11_var,mfcc12_mean,mfcc12_var,mfcc13_mean,mfcc13_var,mfcc14_mean,mfcc14_var,mfcc15_mean,mfcc15_var,mfcc16_mean,mfcc16_var,mfcc17_mean,mfcc17_var,mfcc18_mean,mfcc18_var,mfcc19_mean,mfcc19_var,mfcc20_mean,mfcc20_var
0,documents/Bruce_Springsteen_-_06_-_Empty_Sky_pJsM917.mp3,Bruce Springsteen - 06 - Empty Sky.mp3,0.40143973,0.082456775,0.22347423,0.005843447,2273.190342231785,618002.8860758347,2515.4290870727873,261601.40243668223,5150.926478583586,2782587.856874209,0.08877959868705425,0.003108748515379936,-8.0674533e-07,0.033151254,-43.47767190130611,212.65932162943113,99.38401442307692,-57.75172,12340.187,91.402405,690.3042,5.8793564,238.44516,22.942545,182.17812,-1.7950621,133.24835,14.572884,98.54339,-3.528455,70.161194,11.830716,73.84072,-3.2655668,55.929214,4.96481,56.787334,-8.313113,40.190147,2.6151562,49.786236,-8.454589,39.048904,3.9202566,37.67633,-8.23387,42.28436,4.512078,38.71508,-6.8448205,52.38618,2.095712,35.56023,-11.047561,43.192505,0.16387273,31.313732
