,filedir,name,chroma_stft_mean,chroma_stft_var,rms_mean,rms_var,spectral_centroid_mean,spectral_centroid_var,spectral_bandwidth_mean,spectral_bandwidth_var,rolloff_mean,rolloff_var,zero_crossing_rate_mean,zero_crossing_rate_var,harmony_mean,harmony_var,perceptr_mean,perceptr_var,tempo,mfcc1_mean,mfcc1_var,mfcc2_mean,mfcc2_var,mfcc3_mean,mfcc3_var,mfcc4_mean,mfcc4_var,mfcc5_mean,mfcc5_var,mfcc6_mean,mfcc6_var,mfcc7_mean,mfcc7_var,mfcc8_mean,mfcc8_var,mfcc9_mean,mfcc9_var,mfcc10_mean,mfcc10_var,mfcc11_mean,mfcc11_var,mfcc12_mean,mfcc12_var,mfcc13_mean,mfcc13_var,mfcc14_mean,mfcc14_var,mfcc15_mean,mfcc15_var,mfcc16_mean,mfcc16_var,mfcc17_mean,mfcc17_var,mfcc18_mean,mfcc18_var,mfcc19_mean,mfcc19_var,mfcc20_mean,mfcc20_var
0,documents/09_sarah_connor_-_1_and_1__2.mp3,09_sarah_connor_-_1_and_1__2.mp3,0.3406962,0.09471056,0.21935004,0.012408864,2823.8028672426185,1087011.2157248775,2963.8702715158956,241510.95166750433,6647.522077582382,3964520.114357311,0.1089144117541251,0.006655859290088105,-4.0176485e-07,0.03272812,-50.58998791976988,247.33353009176994,129.19921875,-96.77587,8329.06,70.75113,962.61444,28.553755,556.93207,24.708849,428.56146,6.3002057,244.35661,1.3477871,308.57925,-2.1694822,177.9564,-2.409038,207.11569,-9.102595,166.3145,8.680004,229.9675,-18.818796,177.30533,2.5642169,129.70634,-12.486459,122.38914,3.5730817,127.7622,-9.3953285,129.15132,0.8062947,130.62364,-11.235446,116.050285,-1.5785764,123.79294,-6.6775684,105.53478,3.121624,89.291824
