,filedir,name,chroma_stft_mean,chroma_stft_var,rms_mean,rms_var,spectral_centroid_mean,spectral_centroid_var,spectral_bandwidth_mean,spectral_bandwidth_var,rolloff_mean,rolloff_var,zero_crossing_rate_mean,zero_crossing_rate_var,harmony_mean,harmony_var,perceptr_mean,perceptr_var,tempo,mfcc1_mean,mfcc1_var,mfcc2_mean,mfcc2_var,mfcc3_mean,mfcc3_var,mfcc4_mean,mfcc4_var,mfcc5_mean,mfcc5_var,mfcc6_mean,mfcc6_var,mfcc7_mean,mfcc7_var,mfcc8_mean,mfcc8_var,mfcc9_mean,mfcc9_var,mfcc10_mean,mfcc10_var,mfcc11_mean,mfcc11_var,mfcc12_mean,mfcc12_var,mfcc13_mean,mfcc13_var,mfcc14_mean,mfcc14_var,mfcc15_mean,mfcc15_var,mfcc16_mean,mfcc16_var,mfcc17_mean,mfcc17_var,mfcc18_mean,mfcc18_var,mfcc19_mean,mfcc19_var,mfcc20_mean,mfcc20_var
0,documents/05_right_said_fred_-_jesus_is_a_clubber.mp3,05_right_said_fred_-_jesus_is_a_clubber.mp3,0.3715302,0.087866284,0.22633873,0.01107164,2581.537005736062,731259.6347107551,2612.0958510899604,194670.86786810672,5664.532313631451,2474751.39395955,0.11421476817735901,0.00477346063383631,8.136685e-05,0.031472538,-43.851218860716436,211.1439201740202,143.5546875,-48.763496,9883.226,82.37025,840.1154,0.21293376,460.958,16.854366,279.27118,-3.803565,183.62267,13.032506,113.64944,-8.156513,112.44287,8.389266,122.82024,-9.917587,105.63352,5.8123274,79.29001,-10.276329,77.06547,4.2078557,79.55055,-6.5882354,72.08692,1.4734877,88.81849,-3.9490857,79.67336,6.5720334,71.13718,-9.3778715,66.150276,7.9391613,66.67515,-2.399127,51.031628,5.0203347,58.01477
