,filename,name,filedir,genre,length,chroma_stft_mean,chroma_stft_var,rms_mean,rms_var,spectral_centroid_mean,spectral_centroid_var,spectral_bandwidth_mean,spectral_bandwidth_var,rolloff_mean,rolloff_var,zero_crossing_rate_mean,zero_crossing_rate_var,harmony_mean,harmony_var,perceptr_mean,perceptr_var,tempo,mfcc1_mean,mfcc1_var,mfcc2_mean,mfcc2_var,mfcc3_mean,mfcc3_var,mfcc4_mean,mfcc4_var,mfcc5_mean,mfcc5_var,mfcc6_mean,mfcc6_var,mfcc7_mean,mfcc7_var,mfcc8_mean,mfcc8_var,mfcc9_mean,mfcc9_var,mfcc10_mean,mfcc10_var,mfcc11_mean,mfcc11_var,mfcc12_mean,mfcc12_var,mfcc13_mean,mfcc13_var,mfcc14_mean,mfcc14_var,mfcc15_mean,mfcc15_var,mfcc16_mean,mfcc16_var,mfcc17_mean,mfcc17_var,mfcc18_mean,mfcc18_var,mfcc19_mean,mfcc19_var,mfcc20_mean,mfcc20_var
0,1042,Little Howlin' Wolf-Big Ole Bear,../Data/fma_medium_sortiert/Blues/1042.mp3,Blues,0,0.3654864,0.090625204,0.37426353,0.020414008,2066.12419171351,676958.0290490516,2177.600080762649,135189.30263291998,4328.648457892256,2319202.169340671,0.08977351000580046,0.0046770410846796295,-2.0820382e-05,0.072126456,-44.876157489323305,138.57336617649864,129.19921875,-28.392668,4704.5435,94.4662,1085.6057,-18.734924,332.88455,41.275784,267.54166,14.527466,171.40414,23.225863,83.07727,-8.644646,182.62456,14.023875,91.94977,-0.6750966,83.309296,9.341596,66.688034,-5.6923046,95.07693,8.965778,77.44517,-7.687345,63.66254,3.932229,50.73399,-10.345962,63.542816,1.4394583,106.704056,-10.118406,62.14411,0.6251411,56.737873,-10.640313,41.435722,-2.5466514,66.04567
0,1043,Little Howlin' Wolf-I'm Shufflin',../Data/fma_medium_sortiert/Blues/1043.mp3,Blues,0,0.36774814,0.088405095,0.2399406,0.004113006,2646.272701533323,515452.3389857702,2278.402544923839,70666.31066302831,5173.2061053689,1145410.3249076542,0.1609376512877614,0.00494510637335701,3.8983103e-06,0.024304712,-39.06219481546259,133.83837756710622,107.666015625,-11.467956,2765.0771,80.19613,996.46747,-25.553877,245.78525,30.772818,249.03737,-14.474759,135.70897,13.457692,87.569275,-14.67879,152.26256,10.424053,73.9451,-5.6281376,77.0315,0.85703534,78.03843,-5.6459293,73.57492,7.831288,60.144753,-11.160312,74.34658,10.324536,82.3165,-8.614136,80.71226,6.997234,70.957466,-8.290123,70.82427,4.7318263,83.33395,-4.9419065,67.91001,5.9509916,76.1175
